ID,coppaRisk_probability
2807,0.0099134920
1742,0.3736202121
806,0.6731234789
2635,0.0050950833
9047,0.0033448932
3048,0.0005326264
4691,0.4106401801
1346,0.0309525989
7045,0.0020727364
958,0.1770181507
331,0.0058183819
1680,0.0109359808
7086,0.0072497558
1699,0.0465654805
8360,0.0022459668
5846,0.0008415233
8630,0.0021522227
8723,0.5937598348
6489,0.0034906550
8746,0.6600050926
7155,0.0010379456
1253,0.1693582237
8529,0.6434025764
2154,0.0070189801
1643,0.0241496861
1543,0.8083981872
2560,0.0048834262
3083,0.0324316621
1631,0.0045491080
4456,0.0027977098
8915,0.3649019897
3411,0.0009239092
1062,0.0162988994
6219,0.0023620001
3621,0.0030886098
3874,0.0039841034
5246,0.0028374202
8130,0.0132064810
8776,0.6974567771
7012,0.0919097736
5252,0.2842235565
2577,0.1609468907
1138,0.4136169255
4404,0.1194091439
6996,0.0054831114
3530,0.2085201144
9679,0.0050212238
6482,0.0031862662
74,0.0011705518
7103,0.0013052765
1483,0.0050873663
6244,0.0024032725
1184,0.1263429224
8362,0.0040298207
3503,0.0051616943
4665,0.7153296471
439,0.0069015957
733,0.4570167959
1308,0.0538115762
286,0.3707881272
7345,0.0121585215
7662,0.0004772111
7063,0.0034359184
1492,0.0037851282
957,0.1672976166
963,0.0568477772
6499,0.0028778540
7530,0.0019903753
541,0.6549205184
3020,0.0039645233
8213,0.0024850338
72,0.0094387950
2427,0.0062513701
4038,0.1194332018
1781,0.0025834218
4085,0.0018901718
4390,0.0033791135
9295,0.0006262360
6324,0.0017126747
4899,0.1270982027
1359,0.0420292579
8024,0.0019847390
8558,0.6699042916
8709,0.7801617384
9947,0.6874637008
3864,0.0022994024
7484,0.4611591101
2251,0.1298570931
1920,0.4761063457
6142,0.0028504978
8969,0.0029755826
2782,0.0027692190
7214,0.0136709986
2397,0.0054742363
7631,0.0060585560
3086,0.0019662112
8316,0.0025455530
2528,0.0114153149
3286,0.0004693182
2901,0.4296452105
956,0.2763802707
726,0.0338226184
3308,0.0020221996
9913,0.0040674713
6432,0.0081871049
2521,0.0093300100
4536,0.0060074814
6431,0.0321207605
419,0.0028511633
5206,0.0281102788
5329,0.0056661326
9568,0.0098411776
1020,0.7763618231
8027,0.0115138246
7687,0.0042890203
5545,0.0011663829
6319,0.0162809510
9068,0.0013877082
5499,0.0020161201
4807,0.4936690331
7757,0.0027552722
3271,0.0033928084
4166,0.0029166609
5230,0.0060388437
3689,0.0024092384
5288,0.0081239212
1917,0.3746667206
1027,0.0428695269
3158,0.0075191841
8177,0.0131996851
3958,0.0020616583
3291,0.0014939607
6349,0.0043541016
7727,0.0026176211
4890,0.0020249980
8519,0.0132133989
9897,0.0232665204
5278,0.1103209034
4724,0.2347274274
3815,0.0014435964
7588,0.0044634850
1506,0.0254490431
8318,0.0140097439
5530,0.0016454440
1748,0.0114767244
152,0.0145422202
3423,0.0049326951
4629,0.0020978914
6390,0.0052010668
1566,0.0126587376
6716,0.0016122268
3603,0.1309328377
2806,0.2924001515
1037,0.6265513897
8627,0.4051363766
155,0.0017025304
8193,0.0047485451
8259,0.9425041080
2837,0.0045793015
2069,0.4584109187
529,0.0046905540
1493,0.0022604009
5773,0.0039257314
3949,0.0035644628
1805,0.2973383963
7151,0.0034987703
3237,0.0044794385
7902,0.0032306139
7865,0.0048176334
1565,0.8233560324
1904,0.2462580502
3792,0.0010514070
1151,0.0566049553
9660,0.0991862118
4563,0.0179794822
2218,0.0051672705
9092,0.0986553729
8336,0.0029717924
3157,0.5114650726
1795,0.0417832546
4644,0.0016783662
8001,0.0014906817
7359,0.0018333582
7258,0.0062176115
8585,0.1529253572
2182,0.0028545542
9021,0.0069306092
6348,0.0021589561
9027,0.0113340141
1652,0.0014723724
9059,0.0025434096
6774,0.0005226267
5026,0.1736462563
5919,0.0025115088
5195,0.1110628247
3832,0.0872259513
7418,0.0006700835
4015,0.1287684590
1388,0.1686572284
4122,0.0768360347
5217,0.0060701761
7906,0.0016328123
6742,0.1344447434
7574,0.0060747578
1404,0.0342215039
9531,0.0104284603
6866,0.0013942150
2158,0.0009834203
9256,0.0043689795
2130,0.3642928004
9852,0.0655066893
2581,0.0072977566
5095,0.0379789993
7837,0.0003553114
9912,0.2160601318
7827,0.0015324778
3382,0.0019611574
5551,0.0026525185
9875,0.0033783682
4491,0.0065689213
3720,0.0045131720
9909,0.0237616803
1892,0.8448595405
9505,0.0948352292
4019,0.0012124383
8826,0.7048668265
3178,0.0082793506
9188,0.2752904892
4855,0.0043226681
420,0.0210421886
3270,0.0510687679
1725,0.1425324231
2815,0.2505315840
1850,0.9307601452
7186,0.0115714222
7770,0.0152425002
378,0.0365106128
5498,0.1248455793
1409,0.0006970140
9685,0.0051758541
575,0.0044801296
8762,0.5835197568
3836,0.1444371641
7936,0.0025738617
7017,0.0015226804
2518,0.0046982807
7733,0.1714249849
2702,0.0082793506
8925,0.0040789186
8461,0.1197610721
4134,0.0046513663
6197,0.0164037794
5231,0.0084226886
2507,0.0071394588
2921,0.2332915515
7851,0.0039343177
4128,0.0060646348
519,0.0294387657
4964,0.0028503216
2818,0.0019797301
3441,0.3633447886
2488,0.0031754437
1382,0.0094983149
2583,0.0760460272
6631,0.0036446031
7112,0.0107993400
2018,0.8548507094
2505,0.0086156949
5149,0.0033984175
9814,0.0022931308
2243,0.0032930402
5953,0.0011538018
629,0.0019153312
3079,0.0092395712
3639,0.0027137720
7790,0.0045243516
6174,0.0035606152
8953,0.0011149468
6087,0.0016226064
9765,0.0020854820
3943,0.0039696880
4130,0.0050832047
2213,0.0002760797
8386,0.2664429545
8850,0.0861551166
1046,0.0208016001
7556,0.1542495042
4650,0.0905866325
7170,0.0150755309
8751,0.2219184041
5889,0.0051470823
3823,0.0016152022
2160,0.0973569900
6426,0.0020371210
9475,0.0014697199
4245,0.0069566863
9726,0.0772670135
3367,0.0025214662
769,0.2172744423
7456,0.0052132709
2312,0.0034295307
5245,0.0017495563
3348,0.1303238869
7720,0.0066558728
8459,0.3253369331
1257,0.5669665337
2331,0.5632746816
1185,0.5346187353
5840,0.0027353417
2828,0.0062513701
1853,0.0533408709
5988,0.0029377548
5973,0.0040940461
9271,0.0095646828
3599,0.0081119649
6457,0.0047007632
930,0.0022955223
4633,0.0065577812
8192,0.0028192648
8149,0.0156354494
6723,0.2758038342
9659,0.0043230481
1538,0.0467265621
5915,0.0035662299
3571,0.0040275804
4049,0.0009972911
3672,0.3820133507
2257,0.0036913359
4744,0.0042882916
8708,0.2472236156
8162,0.0184183810
9327,0.0013110139
9896,0.0033427686
7340,0.0037251560
8743,0.4159909785
1016,0.0417644419
8717,0.2758038342
6767,0.0024648390
5500,0.0067385207
8237,0.0028259323
9012,0.0012664619
7828,0.0067567909
6025,0.0022270244
5608,0.0031027279
6993,0.0009660062
6301,0.0015969998
6615,0.0022999451
7427,0.0047153854
979,0.0012551066
3416,0.0047742049
9977,0.0681348816
9706,0.0038472833
4920,0.0965706930
9582,0.0558672622
5933,0.0101969335
4672,0.0082264058
716,0.2062618434
3940,0.0036164909
6893,0.0056952909
3092,0.3460705280
2919,0.0020971769
6544,0.0050562718
7613,0.0016061808
2131,0.2358460426
1790,0.0483389124
2304,0.1258904189
6530,0.0054483651
5839,0.0042645903
13,0.2282425910
353,0.0009343392
6704,0.0006162607
4774,0.1539634317
6370,0.0014203110
2639,0.0002237274
5297,0.0027027605
6396,0.0076711653
1377,0.1398160458
5058,0.0020060455
4740,0.0046221721
881,0.0875735730
7102,0.0014929397
2437,0.1638965011
2598,0.0022970757
5249,0.0031764235
5548,0.0016917960
5331,0.0052097659
4796,0.2658921778
8168,0.0025258558
2256,0.2900594175
2025,0.6572996974
2281,0.2487105280
9980,0.0708670616
2954,0.1830778867
6853,0.0185860284
9684,0.0772670135
1885,0.6609370112
2171,0.0083973389
1831,0.7258706093
1077,0.0034479892
9591,0.0078643858
8032,0.0028845693
6394,0.0048812162
7310,0.0022741130
8101,0.0054558660
2,0.0051195305
6104,0.0038698008
380,0.0077241203
6408,0.0069092079
9719,0.0038123892
6137,0.0012510070
7587,0.0006104326
7866,0.0017282721
6328,0.0062009483
7756,0.0097938925
7655,0.0019183918
212,0.0053634821
8596,0.0173483156
9887,0.0039752461
6682,0.0073180450
4176,0.1115171611
700,0.3493880033
6543,0.0018231674
6229,0.0037721812
7559,0.0065921601
2015,0.0789251253
2493,0.0011130155
5655,0.0007036911
6931,0.1074058563
7868,0.0038799995
7759,0.0487954281
3806,0.0359589271
6731,0.1208630353
2529,0.0020024639
3400,0.0064362637
654,0.7446769476
1792,0.6581905484
5977,0.0157873835
3343,0.0034466099
2477,0.3142665029
3790,0.0376695544
4634,0.0231503043
1058,0.2600695491
1820,0.7950692773
250,0.0024268460
1727,0.8276442885
7900,0.0033669148
4499,0.0044825738
9118,0.0055112913
5380,0.0021418587
6083,0.0035864592
6063,0.0040355893
6519,0.0033250579
2482,0.0030750206
3166,0.0952632278
3933,0.0025263352
66,0.0015035964
8593,0.1084775031
5171,0.0059145414
9479,0.1741902977
6243,0.0021492755
5665,0.0013246855
2016,0.1490178853
2556,0.2890743613
6325,0.0028706985
5411,0.0047469162
7420,0.0031652809
8427,0.2932740450
5020,0.0034123217
1066,0.2016522139
7396,0.0129224071
6955,0.0017511358
2949,0.0031579246
5039,0.1011417136
8436,0.2490165979
2396,0.0019579215
5068,0.0045017102
3838,0.0041799233
7809,0.0052374629
3749,0.0014117258
8668,0.1228012443
1789,0.5126687884
8913,0.0045737773
4163,0.0040890500
1561,0.0106973611
1649,0.0123917768
9941,0.0039535365
6815,0.0084621981
9069,0.0158620849
4087,0.0040010344
6491,0.0039853784
9518,0.0592688583
3501,0.0003152057
8911,0.0075696786
6675,0.0071184491
3422,0.0008387155
7661,0.0044109654
2032,0.0673094839
2209,0.3114132881
1819,0.1132168546
9752,0.0023446411
891,0.0697167367
4673,0.1228488907
810,0.0069444431
9717,0.1995586753
4987,0.0896802619
1201,0.0108599011
3397,0.0016831284
1848,0.0753150433
8905,0.0128969476
326,0.5085201859
8069,0.0050220173
2988,0.0022180460
5862,0.0777884200
6749,0.0039144647
2045,0.1674084216
424,0.0352950133
1694,0.0574550740
6823,0.0004662810
2941,0.0018001529
7417,0.0048736483
8728,0.0295943506
624,0.0097261472
205,0.0107028522
1009,0.0255154949
1239,0.0380467251
9689,0.0081970887
6016,0.0018939099
2712,0.0027636846
1627,0.0023206463
3487,0.3918682933
7991,0.0041473308
4194,0.0012525640
3544,0.0009426142
3194,0.1259625554
3827,0.0069193682
8497,0.4944288135
4089,0.0011705100
6563,0.0064125322
2986,0.0034089340
2872,0.2092412710
8025,0.1648317426
4792,0.1502923071
3406,0.0036583098
3187,0.0025933008
1089,0.0079352576
2895,0.0109702554
9946,0.0764049217
5957,0.0033726480
4375,0.2095500082
4747,0.0187164824
2105,0.5510372519
2774,0.0030173655
1053,0.1864040643
1603,0.0072793951
7338,0.0002838809
4483,0.0047652321
1844,0.2506321967
7503,0.1009382606
2874,0.2779763341
8603,0.0340887755
8369,0.0095415693
3757,0.0018729175
7760,0.0273544434
2210,0.0021111036
9039,0.0032788897
4923,0.0081814807
409,0.2993162870
3604,0.1688241512
2645,0.0004595676
7930,0.0037732834
6789,0.3332828879
77,0.0004898877
4906,0.0534602851
1743,0.0108454190
5172,0.0189051963
8030,0.0030380720
666,0.3788377941
6435,0.0018027785
6940,0.0037174535
5552,0.1471082270
4537,0.0216112435
7061,0.0059920228
7092,0.0028259109
4891,0.0052167219
2726,0.0037522181
9965,0.3610588610
3535,0.0086293286
6220,0.0019458242
3299,0.0076360684
2891,0.0032035275
5924,0.0064511825
3676,0.0052952324
3504,0.1106396765
3624,0.0016152022
1674,0.0728171170
4968,0.0030863201
8763,0.5023506880
9861,0.0084584784
2367,0.0056020669
4257,0.0011354371
7576,0.0116397114
4370,0.1275455356
752,0.1436969191
535,0.0003159200
4758,0.4990253448
2650,0.0003572501
9695,0.0036384405
4045,0.0675314069
3011,0.0039782869
355,0.1371740848
6926,0.0046665575
1556,0.0010482785
4223,0.0015479553
2922,0.0610654093
1512,0.4836360216
9546,0.0286249723
4990,0.0075998502
6803,0.0144496728
1372,0.5119578838
7445,0.0011321256
554,0.0178046972
4777,0.0119631216
299,0.0018869765
7594,0.0117610218
6506,0.0028710137
8885,0.0034700755
7281,0.0018569388
9881,0.0465021543
6224,0.0031486887
6821,0.2734556794
6916,0.7351205349
1042,0.1536858827
4465,0.4016839862
2594,0.1956033260
1918,0.2772562504
8577,0.1001074389
5897,0.0020972036
6867,0.0051078834
1268,0.0214340296
2447,0.1609468907
801,0.0322761759
1985,0.7113425732
6782,0.1176229492
8216,0.0013003604
7313,0.0023622517
7899,0.0043343040
3208,0.0344661698
4646,0.1801017970
4300,0.0038780961
528,0.0055420930
8223,0.0024063282
728,0.1967435628
4666,0.0021104850
9276,0.0574216843
9701,0.0477385372
2416,0.0037284563
5628,0.1170003638
8827,0.5414510965
9818,0.0015660931
1796,0.3018930554
1321,0.7165712118
5300,0.0041857106
2490,0.0010308758
6680,0.0025157281
9589,0.0040877629
6466,0.0013845935
3119,0.0072072763
4706,0.0245392844
4635,0.0090326918
5799,0.0051949839
2694,0.0020488445
4149,0.3329873681
1497,0.0010651514
608,0.0412611216
9197,0.0055691963
1650,0.0022484558
2616,0.1999953985
8399,0.5231676102
7754,0.3848026395
1369,0.0074785030
5790,0.0081804590
5089,0.0072366027
3278,0.0076501877
3774,0.0655066893
7364,0.0037907464
4942,0.0039666160
4887,0.6447577477
1446,0.0035262955
8265,0.0027590808
432,0.0243311692
7732,0.0010298947
1293,0.0224266890
6433,0.0018928078
3670,0.0013441669
6418,0.0081531210
3215,0.0031400360
2135,0.2164471895
8551,0.4372980595
7738,0.0035105576
3923,0.0794657692
4944,0.2446994036
2890,0.3513696194
8712,0.7751338482
6637,0.0026296421
8611,0.1906972677
9083,0.0022445824
8105,0.0108389910
4590,0.0238365103
5,0.0189812500
4869,0.0010824766
2374,0.0167729352
8021,0.0008486515
5814,0.0032662461
3112,0.0062513701
8532,0.0964201167
9057,0.0018148947
7482,0.0736949518
1090,0.3505850434
527,0.0005949201
5503,0.0002496537
1722,0.0054124035
6552,0.0084234858
2315,0.0023678963
5314,0.0075228396
2342,0.8567551374
5937,0.0119367670
1287,0.8637230396
6841,0.0022492881
1,0.2325840294
4008,0.0046513663
6569,0.4770464599
7957,0.0013406064
3740,0.1436485499
1355,0.6370669007
4315,0.2495469302
7686,0.0027495527
2769,0.0144217955
669,0.1290810257
4070,0.0004999190
377,0.0074391388
113,0.0133747468
2424,0.0907383561
7435,0.0080699120
2155,0.0007120571
4341,0.0081386585
2479,0.0069514443
414,0.0025985243
3108,0.0162778813
3370,0.0041837036
3128,0.0039393175
9862,0.0008860758
2659,0.7247344255
4793,0.0024991434
1353,0.1701414734
4377,0.0819364116
5091,0.0088914940
3957,0.1241011173
9359,0.0011135314
3947,0.0085182833
5526,0.0016354324
8731,0.0373886712
4160,0.0053392709
7789,0.0043938318
615,0.0025442143
730,0.0124701252
5128,0.0005361668
9633,0.0632966608
8563,0.1191100627
4430,0.0028714000
5563,0.0033283022
8034,0.0015050052
4091,0.0076294839
674,0.5981816649
8530,0.6977747679
8397,0.0121585215
1166,0.2692064047
3980,0.1547790915
636,0.4650708735
5490,0.1589492112
5416,0.0023489124
3180,0.0121434452
4259,0.1557609737
2456,0.0166798532
8252,0.0031653035
178,0.0044505973
7049,0.0102860294
6719,0.0039538504
7184,0.0290985163
1025,0.0117702642
2494,0.0018857564
4056,0.0035138868
6937,0.0058511724
560,0.2312313765
2555,0.0026615353
6258,0.0071410313
8211,0.0014919918
3071,0.1609468907
8345,0.0070139105
4349,0.0150739802
766,0.2564193904
8571,0.2491507828
1916,0.7584646344
469,0.0007816129
1049,0.0032546609
4571,0.0057036676
9325,0.0308304559
6974,0.0026597639
6047,0.3050524592
7549,0.0005214750
762,0.3691404164
6611,0.0054050232
7074,0.0052871937
5262,0.1634678394
9484,0.0059037628
1083,0.1372424215
2497,0.0029544216
94,0.0041809035
8862,0.0066500367
6214,0.0255663600
8325,0.0477709472
517,0.0158393104
2394,0.0033606181
9976,0.0354974866
873,0.0155333271
6752,0.0051793642
1845,0.3382460773
530,0.0015163891
4866,0.0046119271
8061,0.2518884540
4710,0.4625967741
2590,0.2890743613
589,0.0044657039
7451,0.0117370868
1932,0.0210542548
2783,0.0005263966
706,0.1006710157
5063,0.0061688400
6072,0.0020903859
6066,0.0031131965
9284,0.0077197826
8781,0.7501927614
8641,0.7188569307
5253,0.0013708541
7010,0.0024750330
7637,0.2566420138
489,0.0013664315
7324,0.0007309358
9321,0.0015822313
3004,0.0298046395
5420,0.0057846708
7371,0.0018333582
4101,0.0014567488
6008,0.2465561926
5117,0.0175584890
1467,0.2983181477
8095,0.0046939594
3714,0.2943492532
2637,0.2628559768
2107,0.1646598577
870,0.3227924407
703,0.5706049204
1305,0.7122401595
4928,0.2258873880
6369,0.0031063596
3452,0.0020957503
2958,0.1297538579
4360,0.0023943174
105,0.7178066969
407,0.0253391657
8131,0.0025602242
6179,0.1425111443
2855,0.0004426514
2640,0.0033063497
714,0.6583026052
3899,0.0048481715
1784,0.1029505730
3679,0.0015470306
5703,0.2642824054
6398,0.1785166264
1710,0.0384149551
1064,0.8643355370
3866,0.0155302864
3891,0.0968135670
8390,0.0061983922
5423,0.0020711618
8875,0.0005288291
9784,0.0015674484
2012,0.0115407193
8754,0.0137983682
9772,0.0034720695
5286,0.0047943117
2584,0.0007524600
3007,0.0030428981
5767,0.0035975643
9421,0.0018572162
8333,0.1202428639
9558,0.0037360289
6249,0.0058903429
3627,0.0093965223
9225,0.5121091604
5605,0.0021888898
8994,0.0063085626
4028,0.0022613206
9787,0.0946021974
3185,0.2851438522
1934,0.2121221572
1926,0.6929913163
4461,0.0020806587
3385,0.0019159510
6360,0.0030433671
5373,0.0283987951
4195,0.3451031148
4120,0.0029908475
5650,0.3925526440
9705,0.0057964423
2093,0.2390649617
3903,0.0005956942
852,0.0115969898
4110,0.0016641817
4690,0.2388526499
2151,0.0033180772
5183,0.0052483552
739,0.2335446477
7835,0.0013066466
9791,0.0987305939
8841,0.0650097281
6818,0.0865452886
4044,0.0038907568
9372,0.0519753061
9299,0.0023963889
3896,0.0059406413
410,0.0189212244
3738,0.0710348263
8909,0.0017726008
3908,0.1061406732
6364,0.1080233976
6659,0.0023595463
3009,0.0209168699
4203,0.0460560322
1771,0.0084470166
9762,0.0007948164
9766,0.0578576401
8859,0.0019764428
8442,0.1183754355
9428,0.1214890629
1624,0.0017333463
5182,0.0012213035
8310,0.0922586322
1663,0.3371778131
1168,0.5294970870
9694,0.1075397581
9824,0.0017697966
473,0.0066327285
1169,0.1736347526
9906,0.0024176536
6725,0.2758038342
8791,0.2362234443
7183,0.0091276430
3383,0.0386103541
3462,0.0027066912
8639,0.3237719834
217,0.0076624220
7488,0.0149061047
5427,0.1300582588
7428,0.0059306980
5990,0.0066546374
1763,0.0075932108
8834,0.2706239820
9530,0.0041313912
3358,0.1861753911
27,0.0016025489
8253,0.1838545352
321,0.0245045293
5868,0.0064740074
1119,0.0130426856
3626,0.2185958922
7806,0.0052877157
6633,0.1664813906
459,0.0006316069
3361,0.1458562165
4484,0.0007089120
9607,0.0250343289
2652,0.6578164101
9757,0.0084027210
6977,0.0016910784
4172,0.0007605713
3747,0.0010304983
9398,0.0021534632
6051,0.0027175250
2322,0.0121016344
1161,0.0549685284
829,0.0101348162
634,0.0091052651
8889,0.0167915504
8484,0.6530905962
4372,0.0964582413
7774,0.0056122793
3240,0.0026775722
3044,0.0303479210
1855,0.7787160873
5130,0.0967985466
8405,0.9642506838
9739,0.0045377510
2334,0.0029101186
8858,0.0003390591
3255,0.0030210731
6712,0.0025155665
2926,0.0018764079
4736,0.3851787746
9269,0.2373981476
820,0.1090976372
7374,0.0142855728
3964,0.1363056153
1162,0.3479554057
5684,0.0081814807
7078,0.0042463974
557,0.0155800125
7491,0.0012331582
317,0.2334425002
8783,0.4023842514
9878,0.0010677614
551,0.0043714009
1793,0.0019062372
929,0.0062046465
1833,0.6464567780
4112,0.0472923741
3051,0.2688915730
5619,0.1010186225
1901,0.4212866724
3177,0.0828267336
422,0.9440563321
7357,0.0054270383
6118,0.0067825364
8960,0.0584175698
6043,0.1014076695
8581,0.1358066946
9340,0.0025418557
3405,0.0049134050
2487,0.0069827982
7901,0.0032277592
9905,0.0020556257
3164,0.0047144028
1092,0.8082753420
6888,0.0007643284
8608,0.1926916242
259,0.1293105036
3739,0.1888620704
8017,0.0382631123
4323,0.2357764095
3264,0.0043279952
2172,0.1358647496
924,0.0047919708
7643,0.0028256585
8615,0.1419478804
5762,0.0029830416
8132,0.0012291132
5886,0.0106909228
5744,0.0005715545
1348,0.0578604937
1485,0.5478725433
4433,0.0143176503
552,0.0158071928
895,0.0289779808
9502,0.0824747980
2951,0.0029010493
9756,0.0017892333
5215,0.0065406468
3637,0.0063553420
8642,0.7602384686
7761,0.0047621601
6529,0.0033884982
309,0.0035017109
8136,0.2874956727
3425,0.0025944912
1368,0.0070132199
2049,0.3428089619
342,0.0073690545
1107,0.2557607293
9742,0.0464891568
2717,0.0055181952
1981,0.6723594666
9067,0.2041073143
1896,0.0086198663
2197,0.0031754437
6605,0.0039936532
4222,0.0054626130
5150,0.0050659697
5199,0.0003315051
6924,0.0081767803
7020,0.0010210649
4589,0.0293630827
4626,0.0039524250
5323,0.2566452324
148,0.0199108627
53,0.0662096515
2088,0.4118972123
9303,0.0012817229
5855,0.0051796981
7219,0.0013023727
387,0.3618571758
5158,0.0054243160
5316,0.2969275117
4582,0.0707676038
8275,0.0005930032
11,0.1316725314
7538,0.0139825465
6444,0.0027764933
1569,0.0189247951
2501,0.0034410260
8713,0.0621846877
5120,0.1606892794
7469,0.0020266427
6471,0.0064835651
9243,0.1069148555
3841,0.0027620227
3073,0.0081656743
2433,0.0498746932
1830,0.7675459981
6413,0.0039218306
1542,0.0072810086
481,0.0027259688
1597,0.7466816306
240,0.2924925685
3476,0.0019458280
1103,0.4872078300
6630,0.0050027547
332,0.1290591359
9843,0.0041313912
7213,0.0797184780
2400,0.2186595351
3540,0.0058116005
4902,0.0045953747
5401,0.0013697200
3277,0.0020474507
5479,0.0075509925
732,0.0093946932
9780,0.0020811716
1087,0.0025915338
4808,0.0023450851
1223,0.2600756288
2496,0.0752872229
1389,0.1936857104
6550,0.0057871365
5525,0.0025621317
3588,0.0010006779
8796,0.5411808491
2444,0.0055932817
9184,0.0100085139
1335,0.0444958769
2119,0.3360080719
5334,0.0080002844
8055,0.1738234162
8600,0.4968767464
2380,0.0037669057
9471,0.0035864592
5625,0.0039580362
8401,0.1954154372
7384,0.0024843770
5687,0.0013179220
3648,0.0066378484
6207,0.0017063316
5184,0.0073231743
3633,0.0925569162
2948,0.0023678963
6730,0.0017337862
8007,0.0008415233
7144,0.0018002156
4399,0.0072305319
5966,0.0028381569
5734,0.0014846028
8022,0.0007632604
2848,0.0630702153
9028,0.0044446960
6760,0.0778340474
1393,0.3742378056
1688,0.1971304268
5391,0.0028962258
2880,0.0050889426
3451,0.2758038342
3728,0.0003720951
2627,0.0113004064
995,0.0188296791
1634,0.0192363691
7413,0.6343898177
3121,0.0001885283
819,0.0266509186
2285,0.0007332957
6150,0.0019141573
7124,0.0108422339
2360,0.0047364300
3883,0.0022927294
5282,0.0032855039
1419,0.0011005135
390,0.0073182709
1427,0.0015110543
3279,0.0072026108
8800,0.3684197366
2603,0.1854577661
1767,0.2682989240
9506,0.0379115716
9925,0.3879835606
3338,0.3041999340
131,0.0007796870
9911,0.0027839467
1995,0.2440992147
4978,0.0058701034
3686,0.0087784035
228,0.0101733496
8102,0.0111916056
2936,0.0022460460
1332,0.0156155061
2443,0.0053337230
7087,0.0037480171
7351,0.0035921584
5256,0.0010551935
9453,0.0056799226
9422,0.0571724325
2666,0.0068746302
7872,0.0007736706
1628,0.0019770609
981,0.3272446692
4041,0.2342786342
643,0.3554065526
8282,0.0033063516
898,0.1177849472
162,0.0913617387
1111,0.1427986026
8559,0.2559086084
7561,0.0071891411
6238,0.0029488688
7522,0.0041537499
8688,0.1900923699
8525,0.2894450724
9334,0.0384091139
917,0.1598428190
442,0.0018944409
9033,0.4224037826
2348,0.0047810338
356,0.0388324037
9167,0.0217977073
8678,0.4899853468
204,0.0215368252
6201,0.0047421199
4290,0.0014276910
471,0.0010411355
6943,0.0050688013
659,0.1873100400
9687,0.0671319515
3955,0.0072472300
5679,0.0014991801
1987,0.2088871747
9052,0.1930906177
4406,0.0096372608
5016,0.0015044156
5597,0.0026346683
9373,0.0149851153
4031,0.0016175546
9950,0.7550052404
406,0.0011310078
5696,0.0015651413
4301,0.0029417034
222,0.0524379499
2523,0.0055975984
9521,0.0007884887
5896,0.0047516022
4173,0.0783304423
6886,0.0015467472
3247,0.1422594786
5853,0.0069277906
8064,0.0011011652
9438,0.0021534632
7887,0.0025238504
1342,0.0049139177
1370,0.4568311572
1091,0.0826620236
64,0.0042463527
5179,0.7025542855
8664,0.8170053959
7047,0.0075826645
3183,0.0801808387
8460,0.7988504767
1086,0.0008671543
4843,0.0022020233
4991,0.0083797956
140,0.0072233030
6007,0.0018671980
1228,0.4342314303
7391,0.0032368924
8258,0.0979099497
7246,0.0028634788
3221,0.0591642857
7316,0.0044670501
186,0.0125374747
4171,0.0115346126
1626,0.0015891426
3663,0.0105544478
3680,0.0169800390
4943,0.0067137801
3953,0.0016963263
5586,0.0013756787
6253,0.0015550836
7583,0.0093470691
2992,0.0026870561
4837,0.0036206702
3741,0.0041114832
9015,0.0016809594
1210,0.0487397276
3546,0.0038028485
169,0.0063162916
7782,0.0035474303
4016,0.0033452923
8190,0.0022877150
5781,0.0026087328
9241,0.0409681313
8220,0.0037730953
3602,0.0015532885
2495,0.0040822923
3848,0.3598284721
2553,0.0168321878
9597,0.2159556746
4480,0.0032467768
2364,0.0030140709
507,0.4658564031
3142,0.0071492819
853,0.0265589915
8509,0.0113371778
1598,0.2207756191
5562,0.0888113007
2595,0.0425501391
4261,0.1185572967
3129,0.0022137298
2474,0.0040842877
8121,0.0025037359
831,0.3240523636
5795,0.0067397621
4470,0.0021475838
5280,0.0011772701
6525,0.5012735724
7297,0.0040991586
953,0.4890261590
3322,0.0138478745
5738,0.0056865863
7960,0.0016466045
5269,0.0023520857
1054,0.1933797300
4026,0.1476761103
3557,0.2085201144
7973,0.2584900558
7185,0.0031138747
3318,0.0036570844
3475,0.0065826802
4658,0.0111729670
496,0.0130443182
4295,0.4398948252
3408,0.0093902657
239,0.1753652096
8273,0.0051270090
7751,0.0024803765
344,0.0037655141
2937,0.0047043008
6105,0.0051810844
1782,0.0104434937
7328,0.0077945632
7169,0.5690025687
875,0.1542597562
4655,0.1597059965
1031,0.2609503567
4715,0.1094335318
2163,0.0022556011
3015,0.0020474507
3973,0.0034301598
4526,0.0205235034
8974,0.0082822088
7339,0.0073965308
5669,0.0014898032
7773,0.0014950657
1687,0.0087148398
672,0.0448543876
8552,0.1942399144
4330,0.0071167033
7736,0.0063886326
1430,0.0028019047
2651,0.0069972584
1021,0.1750013083
3345,0.0023011314
5235,0.0068645095
2300,0.4643920064
6814,0.0014362931
8052,0.0018206042
534,0.4587751925
3046,0.0005175676
571,0.3073614240
5629,0.0058547212
7654,0.0005128681
4297,0.0008987688
5636,0.0039440240
2103,0.2120104432
5351,0.0076823607
6306,0.1844284981
2736,0.0018333582
3594,0.1609960496
988,0.0699729696
871,0.4956093132
3366,0.0632724091
8631,0.0681082681
6015,0.0954678878
2647,0.0090162866
1587,0.4881653488
7259,0.0040501580
6122,0.0047591641
7539,0.0300501380
9882,0.0006103087
4347,0.0054638307
4337,0.0210909043
9874,0.0450095870
3493,0.0013476490
4729,0.0252826866
5393,0.0017121938
9091,0.0806959122
699,0.4726668596
3782,0.0012415922
8371,0.0114456881
7474,0.0030017488
5748,0.1866320670
1399,0.1013122797
7352,0.0047447900
5752,0.0008236683
7743,0.0026423817
6092,0.0008254325
4251,0.3301083744
8996,0.0020253477
6586,0.0052450602
7146,0.0018806566
7653,0.0062855673
6739,0.0981183723
2094,0.2979748547
2007,0.0752091929
4877,0.0020655370
5112,0.0035835309
9937,0.1883813739
4515,0.0017262832
4074,0.0068257870
816,0.0192360673
9879,0.0539415292
9300,0.0046063070
540,0.0072393990
8725,0.7544735670
6485,0.0015010986
389,0.0047728596
9207,0.0066568060
2916,0.0002282134
8098,0.0569947325
7085,0.0022354864
6795,0.0019205241
1489,0.0947718099
1884,0.6833567023
5320,0.2148530185
4895,0.0045958874
7390,0.0034269046
4080,0.0034482647
9549,0.0106419027
4445,0.0060099447
4082,0.0033282957
6317,0.1065734029
838,0.0058636065
7804,0.1332218945
5727,0.0009566685
9405,0.5404661298
1911,0.1991249174
7248,0.0077091246
6171,0.0036225975
2097,0.3208137751
9835,0.0020724474
825,0.2515456676
5848,0.0021610137
2740,0.0060624047
8424,0.0188566130
877,0.0901329368
4556,0.0412501059
1751,0.2357675582
6619,0.4400690794
163,0.0040918398
1545,0.0201896913
106,0.2960321307
2781,0.0078262752
7721,0.0327206925
8748,0.8088672161
4647,0.0039335070
2509,0.0028578355
8373,0.2915758193
6248,0.0024689445
7405,0.0011806204
5870,0.0043215314
2406,0.0033253848
8444,0.5978692770
6307,0.0045400821
4066,0.0022523368
4156,0.0060237530
3519,0.0051445481
6181,0.0019264705
258,0.0235578306
4310,0.0019704574
8923,0.3275421858
6192,0.0007086672
5059,0.2028988749
8782,0.7825286984
2830,0.2848229110
948,0.7903285623
6401,0.0024552974
4584,0.0016508248
4827,0.0030527273
2086,0.0275894646
6206,0.0032041736
9352,0.0051483251
2079,0.3278199136
5745,0.0053306199
7461,0.0055777454
8573,0.3174105585
4013,0.6170244813
1172,0.0112712905
9563,0.0031739497
9711,0.0063316994
7855,0.0062138769
1456,0.0409394205
649,0.9822790623
5476,0.0859132633
7929,0.0044403519
4810,0.0013805585
3488,0.0128148971
6302,0.1177107692
4940,0.3127989173
5293,0.0501699932
9543,0.0027171192
4860,0.0014145330
6291,0.0016991007
4225,0.0036362906
4400,0.0562765077
7501,0.0054793730
9585,0.0254579950
1611,0.0199823603
3126,0.0035457297
8818,0.5734814405
5176,0.0063754311
802,0.0027480181
3508,0.0028706985
9177,0.0047368435
4410,0.0090219975
2402,0.0068386942
4948,0.0008854286
9122,0.0098650046
8230,0.0014172042
2459,0.0002161158
8171,0.0011486619
8185,0.0041646142
1434,0.0022191119
2608,0.0036630400
7407,0.0048790211
5046,0.0045529013
4593,0.0025932726
4446,0.0050879167
8026,0.0040762210
6069,0.0021907487
1134,0.1888731718
2440,0.0081992792
8931,0.0061949859
7799,0.0010445372
2110,0.0993145481
1301,0.0066394452
4653,0.0140591254
5622,0.0017907335
3772,0.0031003836
1444,0.0607630461
3172,0.0043231524
2796,0.0102658691
7433,0.0060157245
4419,0.0019185690
8586,0.2106905431
427,0.0028662616
7256,0.0014994057
952,0.2717800736
2159,0.0065827491
1041,0.2762549520
4712,0.3748967052
6130,0.0006664679
2084,0.1086206511
3675,0.0005682812
5834,0.0030164849
7933,0.1734788269
9935,0.2090275884
3040,0.0062755318
8434,0.0408679433
8954,0.0019430722
3313,0.0002777525
7689,0.6835848689
6741,0.0009870176
1857,0.6477042437
4685,0.0033410471
7598,0.0040785973
7605,0.0061724219
7904,0.0015166620
9594,0.1218516082
3801,0.0021701800
2244,0.3096196353
8808,0.1962426752
1411,0.0641544536
9763,0.0025734529
7555,0.0194757693
5254,0.0054342858
4024,0.0048778704
7722,0.0076428861
8873,0.5518396497
4597,0.1891134232
3713,0.0089175981
7452,0.0055699195
4011,0.1433933675
4994,0.0026883229
4050,0.0036447297
9603,0.1646409631
9127,0.0077059376
3862,0.0100671323
2302,0.1332391053
2473,0.3571532965
3520,0.0013469484
5884,0.0015873302
9572,0.0038588592
7290,0.0008511198
574,0.0063026743
3232,0.0016941967
7747,0.0027552722
6537,0.0024332174
7531,0.0043929601
949,0.0297861062
6463,0.0045277826
6546,0.0011239633
6981,0.1564578861
9621,0.0027740162
8161,0.2686561048
1057,0.0381495096
7993,0.0025788636
1421,0.2462366819
9094,0.0094145462
8255,0.0037209413
3867,0.0012253989
795,0.0210284516
8454,0.4312333465
7941,0.0027931824
1038,0.0073761074
9389,0.0034627519
1039,0.0055305678
966,0.5803963542
5898,0.0015648007
9291,0.0004513440
7346,0.0038188379
4287,0.0086699678
7114,0.0049125380
4142,0.0051475801
4873,0.0016050655
3160,0.0013797573
1888,0.2759343982
9992,0.1409280151
9411,0.0020615847
479,0.0150485300
5290,0.0052724257
9501,0.0043811011
1836,0.7856361270
7315,0.0007547688
1740,0.0084218765
9490,0.0095837330
7411,0.0043243472
9770,0.0039771325
8539,0.3352131844
9173,0.0008814251
2976,0.3343857527
9081,0.0116228163
9159,0.0121569531
5457,0.1123945788
2889,0.0024068055
2908,0.0067107696
6975,0.0019527689
2232,0.0074583562
9444,0.0433259159
5387,0.0074676806
5002,0.0023324513
887,0.0012230841
9999,0.2946790457
2290,0.0024608325
4078,0.0018682407
8043,0.0039695860
2204,0.0053012464
8433,0.1990918368
3037,0.0022141058
8936,0.0063552754
3734,0.0063968347
5982,0.0069573782
954,0.1844333708
2460,0.0190685336
4463,0.0030389228
1544,0.0186533350
9113,0.0017475039
606,0.0333745293
8507,0.0023622517
4043,0.0053194012
2993,0.0089878701
5012,0.2760685980
2273,0.0061313156
2985,0.0842032880
6849,0.2279750407
621,0.6707507372
4836,0.2346000224
4931,0.0027724102
987,0.0052085230
9676,0.0677389354
2051,0.7224780321
1658,0.0504657179
9448,0.0071918601
8224,0.0694969743
7443,0.0362685733
8119,0.1343312860
1225,0.3675968647
1707,0.0096832262
5722,0.1829710752
2208,0.1541005373
925,0.0171020851
8008,0.1648317426
8992,0.0086058639
3316,0.6798157692
8898,0.3578681350
655,0.2649290860
2071,0.3087938130
2552,0.2932740450
2503,0.0039101443
4496,0.3000387847
1180,0.2570686936
2871,0.0034985126
2979,0.0027421897
1704,0.4257008433
2386,0.0041535115
3084,0.0036627166
16,0.0146513609
7156,0.0040828683
4585,0.0085013099
3811,0.0880863369
6816,0.0004282703
6274,0.0012124383
5737,0.0961218700
8120,0.0024470517
7926,0.0059894188
5084,0.0041860207
3585,0.0872259513
9304,0.0875398368
6988,0.0030381905
8451,0.6266118288
120,0.2162342668
1873,0.4096070528
8580,0.1468950212
1621,0.0196970645
7956,0.0526254177
3244,0.0085237743
4998,0.0176033247
1821,0.4018151760
6541,0.0048206933
3219,0.0011691577
4941,0.1565280706
2211,0.1168452054
9940,0.2465443164
1415,0.0359842740
1521,0.0542128235
9363,0.0039058621
2850,0.0006844851
7668,0.0067180712
1902,0.6853982210
4473,0.0066546374
2299,0.0102147749
5418,0.0021158706
7064,0.0034605328
2140,0.4683533907
5860,0.0034357160
5981,0.0069671404
3996,0.0014337526
367,0.4634630382
6655,0.0032910455
9581,0.0006541649
2036,0.2253622860
5630,0.0137127973
5749,0.1964697391
7596,0.0043602870
4292,0.0867925510
3186,0.0034358564
603,0.0651307553
1129,0.0055818832
3776,0.1921364814
5336,0.0091263140
5902,0.0014437072
8738,0.1301957965
6189,0.0027231534
7964,0.0032932891
455,0.0084209889
4012,0.0040984419
5867,0.0150076058
3591,0.0033285632
9674,0.0289533231
1841,0.7234236002
5083,0.0020705252
7571,0.0856652409
3159,0.3062850833
2270,0.0372025259
7691,0.0020356684
928,0.1192013323
3913,0.1260614395
697,0.3507400453
7490,0.0058610495
8926,0.0030359570
2840,0.0035321685
7639,0.0383421704
4935,0.0013327054
7376,0.0122487554
3954,0.0032628591
8528,0.2438108623
5342,0.0065505905
4912,0.0563848689
5582,0.0026375065
9406,0.0064734402
141,0.0052515254
8999,0.3025588393
2491,0.0031754437
3325,0.0027692190
6168,0.0043026451
3184,0.0006401138
9302,0.0025002097
7963,0.0039271112
8081,0.0261486284
3285,0.0018316818
8865,0.0020308297
4932,0.1554882973
5237,0.1189984754
3877,0.2875303924
5224,0.0069376063
6449,0.0040582023
6536,0.0013638884
6688,0.0013059332
665,0.0586636364
6226,0.0047421199
7178,0.0005276149
1059,0.1588567197
2206,0.0051797940
6763,0.0044403519
8867,0.0086877476
6235,0.0009945404
9387,0.0013989713
7599,0.0404425114
497,0.2736898065
3803,0.0056541576
2076,0.7729896903
7611,0.3343469501
9643,0.0042763990
5882,0.0150671862
1098,0.1998933256
8476,0.1143071055
2588,0.4013794065
4544,0.0159919467
40,0.1394315362
3192,0.0071082884
42,0.1217778251
1143,0.2189050466
9510,0.0018274401
3393,0.0016379819
8794,0.6425159574
1019,0.5301864743
7629,0.0032770406
7125,0.0046017328
9746,0.0025020859
9189,0.2689724267
8590,0.3305581510
5664,0.0089254063
3140,0.0034358564
7334,0.0079515576
6734,0.3051062226
8277,0.0065763653
145,0.0500325449
7091,0.0080607291
5520,0.0012615739
132,0.0489969067
9023,0.0085319066
4119,0.0052752625
9446,0.0033807917
6315,0.0031948923
4312,0.0000839655
8138,0.0046907994
5680,0.0047156941
9274,0.0003390591
9114,0.1857830882
8810,0.2291662395
4614,0.0087508382
5571,0.0038185949
7004,0.0203680210
2803,0.0014939607
2800,0.0158723313
2417,0.0069615208
8711,0.2975564599
8115,0.1464634240
8749,0.2395869493
2006,0.8693409562
4708,0.0130757932
2843,0.0002613557
1967,0.4808098078
6454,0.0012277763
9394,0.6098130941
9064,0.7397221923
8696,0.1855490208
7797,0.0015631961
4509,0.0025776203
7572,0.0011006938
7711,0.0041971966
5296,0.0054515880
3820,0.0037732834
4553,0.1670363694
1736,0.0006983791
6146,0.0017064429
6022,0.0825257972
1959,0.1354540288
3919,0.1725183576
21,0.6660093665
8088,0.0066747712
8747,0.3296410441
3414,0.0031798438
6542,0.0298497267
4611,0.0552587509
6114,0.0031075221
8225,0.0029020067
1003,0.3848392069
6223,0.0031683063
7875,0.0021478003
4674,0.0117981173
3531,0.8885391951
8053,0.1710423082
6014,0.0016261217
4805,0.0050901161
7393,0.0017178130
7121,0.0037183457
8843,0.1304106712
9649,0.0038814812
2549,0.0003304289
9624,0.0577000901
2377,0.0020002183
1023,0.0227554385
4567,0.0061704419
9257,0.0006909466
4872,0.0055824206
9614,0.0029511647
3863,0.0013666215
4853,0.0949688628
5817,0.0019592524
1728,0.4021047056
7115,0.0055722864
1770,0.4564009905
9517,0.0020556257
3258,0.0050316285
8368,0.0048911744
6236,0.3643715084
8625,0.1900325567
7149,0.0167819019
4335,0.0046364712
8049,0.1327828169
4003,0.1197422445
9960,0.0038681012
7839,0.0016944032
8023,0.0038970711
5452,0.0050028660
2263,0.0049624029
4185,0.1042359695
7406,0.0023679978
1069,0.1054059416
5827,0.0041573965
4880,0.0019212278
1758,0.3635491729
9457,0.0029966272
1450,0.0052610119
1365,0.7554068565
595,0.2956321239
4670,0.0044941599
6035,0.0012966656
9084,0.4868448675
6806,0.0089079142
1436,0.0010507826
6965,0.2929067910
6843,0.0159227531
2189,0.0020002183
8330,0.0031272767
6465,0.0014836652
9283,0.0061567756
676,0.0342064090
6436,0.0018428917
9704,0.0029423679
2423,0.0027058290
1148,0.0307791699
5992,0.0038774514
6553,0.0021774159
5740,0.0035983026
5433,0.0004379137
5766,0.0064543593
8317,0.0014360668
2275,0.1168452054
3942,0.1369854212
9397,0.0948087350
8363,0.0052226372
3226,0.3960700333
9790,0.0025140308
1741,0.0010573978
2832,0.0008170615
8560,0.6701024771
1810,0.3558611572
3489,0.0014003542
7953,0.1382880956
664,0.4711589813
3671,0.7613217831
9254,0.0067036506
9547,0.1000813767
7224,0.0038991431
5404,0.4413846135
5583,0.0033641525
8661,0.0845450684
9058,0.3895433247
7858,0.0020143220
9440,0.0055052754
8607,0.1926916242
5995,0.0014238782
985,0.4394497871
922,0.0383062661
160,0.0020505514
9333,0.0042045312
4628,0.0038569150
4455,0.0020860198
8714,0.4083834589
1344,0.0035108828
3950,0.0023352837
4057,0.0033567746
1800,0.0105316499
1928,0.5766949058
9227,0.0156873036
8840,0.2437770963
3558,0.0008623395
5013,0.0045953747
5478,0.0058732759
8614,0.1914523542
9665,0.1006217971
9318,0.0022848458
7545,0.0043139467
6851,0.0020611421
492,0.0320823193
5494,0.0040751952
3893,0.0016396568
35,0.2282182276
5638,0.0097755035
5306,0.0260326508
1563,0.0119695766
5926,0.0201840401
7419,0.0112500228
20,0.3946824074
1270,0.7989061475
2026,0.4783455431
5339,0.7777696848
8972,0.0021851750
9217,0.4584334493
4412,0.0060220831
6601,0.0023297344
4577,0.0067933123
8126,0.0104355440
9555,0.0123889474
2511,0.0006775983
4882,0.0086207092
6459,0.0075953389
7768,0.0044134371
9097,0.0024189248
4282,0.0023526801
1071,0.4610538781
3295,0.0004300101
4265,0.0107324133
1435,0.0063055838
8409,0.2505315840
6039,0.0020365606
5758,0.0830353275
7602,0.0013736071
2569,0.0132984612
10,0.0101128733
8556,0.3564970493
5023,0.0035953345
3625,0.0049424390
5531,0.0074948017
8349,0.0023035598
1317,0.0230643135
7849,0.0030771028
5635,0.0025396817
4917,0.0007562494
8268,0.0039280979
7713,0.0017895893
8296,0.0024042812
5983,0.0011529004
9794,0.0087355310
379,0.6357229352
4047,0.0009585594
9698,0.0084964437
6613,0.0018062735
7758,0.0017295864
5685,0.0016692675
7724,0.0081814807
3977,0.0024541565
4210,0.0010243049
5742,0.0030713084
5736,0.0016913578
4516,0.0620519668
3777,0.1724078804
1912,0.0517953821
8176,0.0014608657
9216,0.0093025649
7548,0.0011537821
8187,0.0016079182
5340,0.0572863370
6583,0.0043757525
46,0.0082975170
1410,0.0017372261
4659,0.0004255214
9478,0.0029263743
3978,0.0018224639
9044,0.3908669055
3816,0.0035670805
2372,0.0042946935
2536,0.0054270383
2055,0.6784232259
3635,0.0024076481
9236,0.0046499739
5109,0.0056472509
6477,0.1436738819
5556,0.0015364717
2181,0.0031127364
8673,0.0971394330
5019,0.2039213032
5535,0.0035718242
3900,0.0035899573
9230,0.4868448675
7911,0.0797399431
9427,0.0020955708
3310,0.0027593409
4216,0.0016244821
8339,0.1451150328
2011,0.7403875589
7320,0.0044756210
5239,0.0016098475
872,0.0162082389
9584,0.0794557184
4209,0.1573545039
1854,0.0239578485
2378,0.2747769952
179,0.0047364389
9429,0.0035246594
3469,0.1138770729
4042,0.0617444068
9407,0.0022124967
9214,0.0081705377
4258,0.0192857292
6478,0.0042896885
4768,0.0568613708
3377,0.1166909486
6991,0.0047201230
6834,0.0009247044
6102,0.0023855632
3937,0.0402872972
9098,0.1584173143
1913,0.5754517913
6858,0.1080795676
100,0.4187048674
6344,0.0017866751
8517,0.0536905453
1234,0.0069117998
9049,0.0709994733
4640,0.0142489839
1383,0.1569254398
1285,0.3522710502
6339,0.1217722669
7943,0.4200840592
1766,0.7403188348
4307,0.0012995073
168,0.4032844901
7734,0.0077472297
623,0.0121273659
7897,0.0003901480
8623,0.3106040657
5989,0.0026680985
7788,0.0140366377
6422,0.0035670805
5705,0.0083733983
9455,0.0048969705
3005,0.0023489469
5837,0.0010037123
3499,0.0017103464
1989,0.1235305220
143,0.2642453909
9922,0.0253822841
7329,0.1456363052
878,0.2804665267
7446,0.0001487311
8538,0.1973549575
9418,0.0009426142
7767,0.2372221053
3181,0.4713112116
7805,0.1024964824
7473,0.0019406620
1407,0.4213421047
4554,0.0013617715
8518,0.1234023869
5105,0.0069995648
1236,0.0150468694
9675,0.0010897565
8700,0.6879523993
9054,0.0164189506
3696,0.0013876760
3155,0.0011691577
8009,0.0089210542
9211,0.0378812067
7990,0.2896616459
7099,0.0030532600
5652,0.0071719671
8251,0.0046750614
38,0.4610111117
3968,0.0016641817
4835,0.0766607448
1874,0.7756727338
4696,0.0060217036
3436,0.0014518864
5690,0.3216881454
4784,0.4013204277
5251,0.0671868846
3607,0.0018591151
4244,0.1646403223
994,0.0506307408
4235,0.0015449508
3003,0.0007449194
3751,0.0046741939
857,0.0613536462
6745,0.0014608032
4558,0.0077804583
3498,0.0028502538
544,0.0627883226
3771,0.7613217831
2346,0.0075426106
4679,0.0126941819
2799,0.0041553914
3300,0.3540848494
4759,0.0301316530
8307,0.0041709850
5942,0.0032733232
5573,0.0034299998
8860,0.0028807605
6354,0.0023900955
6199,0.0009989048
1379,0.6451179385
6897,0.0104803937
276,0.0257423818
6342,0.0026772781
6368,0.0014376267
8814,0.1147885919
2866,0.0003032179
8462,0.2301311493
9144,0.3222865164
7083,0.0076979930
4159,0.0160438344
791,0.5655221343
8716,0.6555439234
7366,0.0037678543
8338,0.3850577474
89,0.6003025770
7506,0.0021424121
8266,0.1953932792
2361,0.2516043186
3564,0.0047381362
7812,0.0013788983
8775,0.5989254117
2787,0.0022176113
9880,0.0066572758
7130,0.0079165250
6587,0.0017806038
176,0.0028736892
5624,0.0023852263
2021,0.2523693442
7467,0.0307743028
8112,0.1177107692
2133,0.2535680830
5513,0.0025674198
8413,0.6044269800
1017,0.0086449543
421,0.0028794829
6874,0.0010336033
1036,0.0512030944
6987,0.0088592628
8170,0.0042341780
9876,0.0016349980
1670,0.1539793611
6644,0.0048294924
7585,0.0033581213
3191,0.0042272857
4725,0.0146573791
1118,0.1830950528
748,0.1244968697
4622,0.0021315264
4733,0.0023794046
6012,0.0016275947
6778,0.0030182106
5122,0.0200531371
270,0.2323886156
6212,0.0034152302
4188,0.0038375480
8595,0.0946489498
3909,0.0007653886
9721,0.0062950365
7524,0.0016997521
9458,0.0037851247
1165,0.0228547156
7718,0.0033793254
9371,0.0093322843
9753,0.0053751399
2310,0.4679765105
8202,0.0037774353
3514,0.1200200692
6078,0.0014838432
1005,0.0083129909
2432,0.0242601037
6632,0.0746072307
4542,0.2362267971
9619,0.0099409791
8141,0.0041696206
9096,0.0002952187
6388,0.0136474865
2812,0.0112588527
2929,0.0082793506
909,0.0030468719
894,0.0235596448
6578,0.0026391677
4971,0.0024136018
8766,0.0037296058
4938,0.0032623503
5227,0.0027671997
8893,0.0173387416
2436,0.0037151515
6832,0.0049275090
3336,0.0027989512
173,0.1938060075
7573,0.0005583674
434,0.0062541817
3620,0.0069193682
9441,0.1252552718
9476,0.0265019760
7266,0.0013964562
4995,0.2096750736
7515,0.0143788420
2858,0.0553164221
9219,0.0130822249
4023,0.0030310885
4468,0.0935282931
8379,0.0011536195
2531,0.0038389699
316,0.0092748730
7840,0.0236734040
1679,0.3662369847
7201,0.0069313310
9592,0.0036635848
1511,0.0160747264
6494,0.0007612192
405,0.2625651360
7342,0.0065719904
3810,0.0027259146
5928,0.0020368204
4618,0.1592635065
1982,0.1577518433
9370,0.0041088699
1470,0.1649592519
3426,0.0112294033
1282,0.0029271480
6953,0.0044044643
6091,0.0054803039
6483,0.0042954111
6692,0.0004214174
6800,0.0018032917
8567,0.1805331707
789,0.0017211059
5516,0.0046119029
7195,0.0047227694
5356,0.4146879315
4353,0.0015897237
3718,0.0057159797
7717,0.0005822825
6252,0.0129219200
9741,0.0050523533
598,0.0973263681
538,0.0055495300
4366,0.0053725736
9402,0.0985930562
5699,0.0028759458
8482,0.3040182292
8423,0.0913134739
7847,0.0056961221
841,0.0075555281
2005,0.7217935324
8470,0.2821131945
8280,0.0013089111
9107,0.0145334005
5532,0.1513816714
8983,0.3754878342
3000,0.2202338725
4423,0.0089657055
1351,0.0299045462
5415,0.0017488184
6549,0.0033344259
1922,0.3520224690
3789,0.0044441139
6334,0.0010680549
4561,0.0032305846
7059,0.0490983091
1294,0.3447545171
7504,0.0048480225
1749,0.2405928969
4191,0.0040678517
6160,0.1194007397
6918,0.2070229352
2576,0.1047844589
1110,0.0185486954
78,0.0071279355
2961,0.0024268308
7066,0.0014764745
695,0.0074474742
9073,0.0015433788
1146,0.3729285300
1458,0.1069151685
9349,0.0008616442
6333,0.0054642428
6032,0.0007087836
9311,0.0215749070
9019,0.0170491524
1491,0.1110986769
4123,0.0120192012
8002,0.8077861071
4996,0.0069808639
3319,0.0020756302
4898,0.0032635087
4605,0.0049217683
764,0.6010400653
5045,0.3681688011
4907,0.2726972103
1962,0.2837222219
4358,0.0041035698
5267,0.3590520024
6338,0.0052981093
4511,0.0004581585
5515,0.2167963535
8998,0.1680038571
6140,0.0151836229
230,0.0035687790
4213,0.0014480995
400,0.2007195950
5777,0.0009017371
7299,0.0053066751
8991,0.0023011314
36,0.3293328285
5079,0.0045812167
2480,0.0236789640
247,0.0020292723
9119,0.1601078659
1684,0.4287157059
6989,0.0061065992
4367,0.1754042655
8988,0.0234898701
4275,0.0015899182
5536,0.0005335293
3378,0.0017734185
3233,0.0069213575
7369,0.0006660640
5802,0.0043606139
2498,0.0022970757
6551,0.0003107162
9001,0.0023011314
6878,0.0016530463
8114,0.0024957613
7223,0.0120982938
3216,0.0015227637
7280,0.0060643959
8847,0.0036948398
5820,0.0045097093
8261,0.0032382156
9671,0.0045601334
8622,0.2811446190
2877,0.0089117549
4728,0.0052819480
3359,0.0005279288
3418,0.0033831126
7633,0.0053261770
5363,0.4156485498
3150,0.0427652001
2802,0.0211759396
6138,0.0015966372
6522,0.0052812160
2355,0.0028873975
1562,0.0236774422
1905,0.0391396396
3785,0.0015297594
6029,0.1304106712
5207,0.2222892791
8076,0.0032997630
9221,0.0021342554
6362,0.0030319358
5481,0.0041017267
9029,0.0177119412
9368,0.0354974866
252,0.0053068339
1677,0.3662369847
5378,0.0032170042
5364,0.5386425257
6462,0.0009759807
216,0.0582952239
1645,0.0035233279
415,0.0038093082
2829,0.0035921584
5892,0.0074619926
6685,0.0041480754
6914,0.0022114580
1352,0.0067140092
3072,0.0398515910
3515,0.0038640280
9392,0.0519753061
6475,0.0043738252
5123,0.0004931977
3082,0.0031754437
916,0.0107076792
4702,0.0030345730
6073,0.0078817206
6366,0.0830599144
9616,0.0039286208
5204,0.0009398047
7746,0.0096662492
8467,0.1356837153
7786,0.0052484749
6311,0.0108784074
9,0.2827346623
4143,0.0012835958
7089,0.0030532600
817,0.5106621981
9970,0.4128293395
2875,0.0010572623
4689,0.0017817256
7190,0.2083778679
6860,0.5486218333
7856,0.0019601665
7113,0.0022143354
2953,0.1470343322
3677,0.0981183723
54,0.1211884767
8613,0.0930182338
3834,0.1358899772
28,0.0840322077
6740,0.0034514482
7692,0.0020079729
7048,0.0019639183
1153,0.4685650766
1739,0.4169464707
3798,0.0040915441
4879,0.0025388713
7700,0.0079314439
8056,0.0087500978
5900,0.0014849140
9495,0.0012932239
3229,0.0003476494
7980,0.0025977076
2019,0.6498945355
4592,0.1241902485
5819,0.0005686496
6903,0.0035494533
5242,0.0039324290
8506,0.1800412983
3814,0.0010134344
3253,0.3737232983
9907,0.0049058618
6676,0.6447943449
9511,0.0054399483
774,0.1907757670
7984,0.0014435964
9943,0.1396218240
5032,0.0062278411
4447,0.4292400479
5273,0.0069955690
9350,0.0028860371
6424,0.0021522227
3688,0.0022911495
4508,0.0031958139
3551,0.1444371641
4437,0.0038949652
4846,0.1427675039
605,0.6464899182
292,0.0046754694
4083,0.0050585149
265,0.1527885050
2010,0.4374205470
6961,0.1644198745
7832,0.0158353187
8287,0.0112912562
2913,0.2221588045
1584,0.0055162278
3483,0.2432838231
6065,0.0007112642
3898,0.2754864395
3821,0.0042167529
3199,0.0037938107
9559,0.1104146391
5958,0.0092444178
9364,0.0037464187
5922,0.0055007376
818,0.0012065449
9608,0.0140167540
4681,0.2836049795
3068,0.8981365561
9622,0.0143710645
9315,0.0693968982
9317,0.0009061745
2023,0.2309836447
5654,0.0028680994
6683,0.0010690520
9252,0.1084780768
9609,0.1286845356
2998,0.0041306834
6669,0.0016880399
5890,0.0044396734
9186,0.0029683867
4939,0.0044828784
1357,0.0515439995
2180,0.0007044751
2484,0.0048050028
2586,0.0055490909
1682,0.0029337031
4977,0.0231049564
590,0.9135764837
2938,0.2664429545
5789,0.1417199373
4321,0.6033340096
1175,0.1951497197
8455,0.9002032876
7101,0.0020392267
4915,0.0039399783
7388,0.5470024347
3879,0.0079771308
8092,0.2094379812
9071,0.3547875285
2249,0.0082793506
5746,0.0019787862
7253,0.0125054121
7888,0.0012220948
3659,0.0031431317
5358,0.0043626782
9086,0.0306511689
8392,0.2890743613
8906,0.0476677157
1808,0.4015494883
8680,0.0947765931
5895,0.0095080910
6701,0.0025927953
812,0.0168412663
5569,0.0026482996
5305,0.3380208611
7404,0.0124020400
7385,0.0032846841
5377,0.0066204709
4600,0.0268947091
2526,0.1643936038
2779,0.0002683654
6901,0.3869877458
3301,0.0002950528
2681,0.0621590242
8917,0.0029436606
6677,0.6031525135
1578,0.5135930181
4578,0.0022679283
9150,0.2160601318
8438,0.6888928413
2572,0.0002334579
9869,0.1763206571
7516,0.0078014885
2563,0.0022155896
2700,0.0086713117
2567,0.0039252280
3114,0.0069700931
5876,0.0081201103
3078,0.0167675950
1131,0.1347195953
8616,0.1783859432
8522,0.0014343201
2622,0.0045240424
6173,0.1482351124
3456,0.0010336619
9454,0.0017016659
6579,0.0031473881
865,0.0914101601
7154,0.0035641801
7908,0.0043455190
2940,0.0002717735
907,0.0025015324
9265,0.0098100901
5793,0.0017322707
1921,0.3744030893
8348,0.0026756299
1117,0.0483010858
4847,0.0024768384
3533,0.0095362309
8181,0.0016613669
2688,0.0047667320
5910,0.0019145665
1394,0.2839198411
5447,0.4504093826
6443,0.0047851354
567,0.0020659175
8103,0.0039864085
3567,0.0054004756
1056,0.0147549100
8950,0.0032712938
2407,0.0029985155
7673,0.0011305796
8011,0.0013406485
4884,0.0071197804
8968,0.0023687852
201,0.0127272969
1894,0.1267281771
4946,0.1565280706
1708,0.2645326853
1124,0.3150270283
4076,0.0287852790
927,0.0188673399
288,0.6095991731
6597,0.0023997622
1163,0.2655271292
2139,0.2602611184
6706,0.0487152040
180,0.0583764762
3526,0.0030762309
4520,0.1960416287
9928,0.1988211721
7697,0.0003296919
7395,0.0005718629
5166,0.0027175080
711,0.5120628476
1002,0.0033120431
9534,0.0019295666
8229,0.0947285146
399,0.0070328326
221,0.0022850577
1788,0.0046575344
8313,0.1552202851
104,0.1525756121
2003,0.2517664433
4625,0.0932689011
4892,0.2106004357
2292,0.0055795787
1095,0.4096630812
9103,0.1410292983
7815,0.0065493463
503,0.0946841836
6409,0.0010364307
5723,0.0033775466
8836,0.5458803177
3261,0.0064644483
4346,0.0994293615
7032,0.0065967394
935,0.0008529205
618,0.0028274136
8557,0.1109981760
7958,0.0030809948
3887,0.6251056790
60,0.0140399905
1490,0.0299789701
4371,0.0067270342
4878,0.0739884302
8145,0.0034343302
8759,0.3625032008
8425,0.0103712585
8908,0.0058659972
5510,0.2832322419
3555,0.1342476755
8612,0.0412328243
456,0.0109994682
686,0.5555408597
8376,0.3449121416
275,0.4918864667
4440,0.0070196381
5944,0.0133249154
360,0.2859013975
9830,0.0023375091
933,0.1962715983
2301,0.0948276818
2725,0.0066577899
4434,0.0021149244
5244,0.6289702058
8768,0.0646554679
9145,0.0134979896
712,0.1184503064
9634,0.6998851895
7230,0.0443918295
8943,0.0090734195
5036,0.0753596053
1251,0.5943711400
807,0.4111762941
8191,0.0032064207
2896,0.0022791906
7566,0.0019972478
1343,0.0399776846
8929,0.1239959225
9451,0.0016066579
7526,0.0031400360
264,0.0395818427
5871,0.0159029365
6280,0.0049960772
1403,0.3562356234
8888,0.0037105053
9788,0.0027221774
1203,0.0130043477
3562,0.2561523318
1414,0.0006138503
2239,0.0096548991
4373,0.0074355905
9474,0.0412843674
741,0.6400034428
3791,0.0010566325
5971,0.0020937668
3638,0.0016802602
7857,0.0017554332
2943,0.0169629920
4344,0.0002248164
8257,0.0030048571
4452,0.0027475138
7141,0.0054835659
5301,0.4115068018
3528,0.0012617968
577,0.0097589614
2709,0.0013319483
2245,0.0087818643
1376,0.0084728356
5284,0.0043595601
1280,0.0085488884
4148,0.1529253572
3059,0.0049714642
8921,0.0027326725
55,0.0020621431
5135,0.0036013045
4517,0.2103234828
6877,0.0094029242
4771,0.0033294933
1468,0.0105415229
7303,0.0031307347
1777,0.0005175713
7777,0.0044844234
584,0.0031761245
7762,0.0037518938
6750,0.0012932682
7325,0.0055267168
7896,0.0042003826
284,0.1873610616
8549,0.1137643382
3296,0.6843831539
9755,0.0022880482
144,0.0133555438
2609,0.2625730634
8620,0.5506983399
9669,0.0045601334
5626,0.0332371406
3430,0.0051264204
3652,0.0026581858
9055,0.0003712053
6791,0.0023297344
4034,0.1648317426
2445,0.0014217861
7180,0.0069091856
3617,0.0037271297
6881,0.0111625465
418,0.2099482417
8903,0.2074010372
8806,0.2270816565
9102,0.1894129366
2246,0.0219601560
290,0.6181820035
3104,0.0011543576
7775,0.0104718078
4000,0.1074750051
8866,0.0006717287
4320,0.0037428769
8892,0.0004996117
8359,0.3735020459
9238,0.0034209331
997,0.7721397877
3167,0.1113487631
7922,0.0045895963
1445,0.0965068489
5589,0.0023890417
296,0.0044742976
7082,0.0046302062
6524,0.0061928579
8227,0.1046909913
9345,0.0031385827
1825,0.2115946859
1311,0.0114779100
300,0.0025488846
770,0.4491397440
4,0.0148057593
7546,0.4415225983
8513,0.0057095820
926,0.5039994121
325,0.0446557589
5830,0.0120452419
7035,0.0041574081
2441,0.0029173167
7179,0.0058462233
9599,0.0775996149
9533,0.0565642752
6103,0.0015669634
8879,0.0025744592
7665,0.1892025918
4850,0.1416151822
989,0.0693229064
2868,0.0032641354
9994,0.2073253542
8090,0.0042463914
5357,0.0019568959
896,0.0147936828
6165,0.0040941974
3932,0.0258011054
251,0.0488663763
8133,0.1094125882
3727,0.0042128908
2061,0.1063705906
2690,0.0025890961
5463,0.0210553557
7983,0.4779018760
1785,0.0019625523
2115,0.6068869829
586,0.0096467501
3818,0.0213632751
256,0.0164559688
727,0.0124728614
4126,0.1137646437
6709,0.0954125747
4803,0.0108375493
7449,0.0164179783
8626,0.2588685453
6151,0.0007002805
7161,0.0009677634
4512,0.0040477947
2977,0.0023307565
2790,0.1543223262
1954,0.3712041080
9904,0.0017016659
8005,0.0229036715
6735,0.0031074334
7278,0.0591682382
4732,0.0230484549
5052,0.2275599986
1869,0.3112322390
6204,0.0014732252
4182,0.0812045783
9074,0.0597488470
9294,0.0007734896
7122,0.0045444611
2823,0.0117837666
3467,0.2024771720
7056,0.0019633707
4421,0.0017557374
5258,0.0164243877
4161,0.0099301767
8715,0.5354266167
863,0.0127236545
1350,0.0632812977
446,0.0092061860
2353,0.0044009923
5581,0.0031536915
2156,0.0552732795
4207,0.0041364874
7399,0.0005803535
792,0.0167138781
7688,0.0074617909
5986,0.0071891514
2512,0.0041847234
3403,0.0029447344
277,0.0048254654
4624,0.0355007797
8305,0.0090831146
6904,0.0076194615
9426,0.0014605325
1941,0.8905882835
1115,0.0036599752
4009,0.0011538018
8134,0.0051786685
7772,0.2136621326
4580,0.0087655010
8256,0.0064336024
6300,0.0015363737
2288,0.0056691659
5541,0.0011504013
9259,0.0030754823
3477,0.0007905671
6406,0.0081801303
